{
  "Raf Simons": {
    "variants": [
      "Raf Simons",
      "ラフシモンズ",
      "Raf by Raf Simons"
    ],
    "subcategories": [
      "jacket",
      "coat",
      "parka",
      "bomber",
      "blazer",
      "shirt",
      "tee",
      "t-shirt",
      "sweater",
      "hoodie",
      "sweatshirt",
      "pants",
      "jeans",
      "trousers",
      "shorts",
      "shoes",
      "sneakers",
      "boots",
      "runners",
      "ジャケット",
      "コート",
      "パーカー",
      "ボンバー",
      "シャツ",
      "Tシャツ",
      "セーター",
      "パンツ",
      "ジーンズ",
      "シューズ",
      "スニーカー",
      "ブーツ"
    ]
  },
  "Maison Margiela": {
    "variants": [
      "Maison Margiela",
      "Margiela",
      "マルジェラ",
      "メゾンマルジェラ",
      "Martin Margiela",
      "MM6",
      "マルタンマルジェラ"
    ],
    "subcategories": [
      "jacket",
      "coat",
      "blazer",
      "cardigan",
      "shirt",
      "tee",
      "sweater",
      "knit",
      "polo",
      "pants",
      "jeans",
      "trousers",
      "shoes",
      "sneakers",
      "boots",
      "tabi",
      "replica",
      "ジャケット",
      "コート",
      "ブレザー",
      "カーディガン",
      "シャツ",
      "Tシャツ",
      "セーター",
      "ニット",
      "パンツ",
      "ジーンズ",
      "シューズ",
      "スニーカー",
      "ブーツ",
      "タビ",
      "レプリカ"
    ]
  },
  "Rick Owens": {
    "variants": [
      "Rick Owens",
      "リックオウエンス",
      "DRKSHDW",
      "ダークシャドウ"
    ],
    "subcategories": [
      "jacket",
      "coat",
      "leather",
      "bomber",
      "parka",
      "waxed",
      "shirt",
      "tee",
      "t-shirt",
      "tank",
      "longsleeve",
      "pants",
      "jeans",
      "trousers",
      "pods",
      "cargo",
      "shoes",
      "boots",
      "sneakers",
      "ramones",
      "geobasket",
      "dunks",
      "shorts",
      "hoodie",
      "sweatshirt",
      "ジャケット",
      "コート",
      "レザー",
      "ボンバー",
      "パーカー",
      "シャツ",
      "Tシャツ",
      "タンク",
      "ロングスリーブ",
      "パンツ",
      "ジーンズ",
      "ポッド",
      "カーゴ",
      "シューズ",
      "ブーツ",
      "スニーカー",
      "ラモーンズ",
      "ジオバスケット"
    ]
  },
  "Yohji Yamamoto": {
    "variants": [
      "Yohji Yamamoto",
      "ヨウジヤマモト",
      "Y-3",
      "Y's"
    ],
    "subcategories": [
      "jacket",
      "coat",
      "blazer",
      "cardigan",
      "vest",
      "shirt",
      "tee",
      "sweater",
      "knit",
      "pants",
      "jeans",
      "trousers",
      "hakama",
      "wide",
      "shoes",
      "boots",
      "sneakers",
      "ジャケット",
      "コート",
      "ブレザー",
      "カーディガン",
      "ベスト",
      "シャツ",
      "Tシャツ",
      "セーター",
      "ニット",
      "パンツ",
      "ジーンズ",
      "ワイド",
      "袴",
      "シューズ",
      "ブーツ",
      "スニーカー"
    ]
  },
  "Jean Paul Gaultier": {
    "variants": [
      "Jean Paul Gaultier",
      "ジャンポールゴルチエ",
      "ジャンポール・ゴルチエ",
      "Gaultier",
      "ゴルチエ",
      "ゴルチェ"
    ],
    "subcategories": [
      "jacket",
      "coat",
      "trench",
      "blazer",
      "bomber",
      "shirt",
      "tee",
      "mesh",
      "tattoo",
      "stripe",
      "pants",
      "jeans",
      "denim",
      "bag",
      "accessories",
      "ジャケット",
      "コート",
      "トレンチ",
      "ブレザー",
      "シャツ",
      "Tシャツ",
      "メッシュ",
      "タトゥー",
      "パンツ",
      "ジーンズ",
      "デニム",
      "バッグ"
    ]
  },
  "Junya Watanabe": {
    "variants": [
      "Junya Watanabe",
      "ジュンヤワタナベ"
    ],
    "subcategories": [
      "jacket",
      "coat",
      "patchwork",
      "technical",
      "nylon",
      "shirt",
      "tee",
      "parka",
      "pants",
      "jeans",
      "cargo",
      "denim",
      "shoes",
      "sneakers",
      "ジャケット",
      "コート",
      "パッチワーク",
      "テクニカル",
      "シャツ",
      "Tシャツ",
      "パーカー",
      "パンツ",
      "ジーンズ",
      "カーゴ",
      "デニム",
      "シューズ",
      "スニーカー"
    ]
  },
  "Comme Des Garcons": {
    "variants": [
      "Comme Des Garcons",
      "Comme des Garçons",
      "CDG",
      "コムデギャルソン",
      "コムデギャルソンオム",
      "Homme Plus",
      "オムプリュス"
    ],
    "subcategories": [
      "jacket",
      "coat",
      "blazer",
      "vest",
      "shirt",
      "tee",
      "polo",
      "sweater",
      "cardigan",
      "pants",
      "trousers",
      "shoes",
      "boots",
      "sneakers",
      "ジャケット",
      "コート",
      "ブレザー",
      "ベスト",
      "シャツ",
      "Tシャツ",
      "ポロ",
      "セーター",
      "カーディガン",
      "パンツ",
      "トラウザー",
      "シューズ",
      "ブーツ",
      "スニーカー"
    ]
  },
  "Vetements": {
    "variants": [
      "Vetements",
      "ヴェトモン",
      "ベトモン",
      "VTMNTS"
    ],
    "subcategories": [
      "jacket",
      "coat",
      "parka",
      "bomber",
      "denim",
      "hoodie",
      "t-shirt",
      "tee",
      "oversized",
      "logo",
      "pants",
      "jeans",
      "denim",
      "cargo",
      "shoes",
      "boots",
      "reebok",
      "ジャケット",
      "コート",
      "パーカー",
      "ボンバー",
      "デニム",
      "フーディ",
      "Tシャツ",
      "オーバーサイズ",
      "ロゴ",
      "パンツ",
      "ジーンズ",
      "カーゴ",
      "シューズ",
      "ブーツ",
      "リーボック"
    ]
  },
  "Balenciaga": {
    "variants": [
      "Balenciaga",
      "バレンシアガ",
      "バレンシアーガ"
    ],
    "subcategories": [
      "jacket",
      "coat",
      "blazer",
      "bomber",
      "shirt",
      "tee",
      "hoodie",
      "sweater",
      "knit",
      "pants",
      "jeans",
      "trousers",
      "shoes",
      "sneakers",
      "triple s",
      "speed",
      "track",
      "bag",
      "accessories",
      "ジャケット",
      "コート",
      "ブレザー",
      "ボンバー",
      "シャツ",
      "Tシャツ",
      "フーディ",
      "セーター",
      "ニット",
      "パンツ",
      "ジーンズ",
      "トラウザー",
      "シューズ",
      "スニーカー",
      "トリプルS",
      "スピード",
      "トラック",
      "バッグ"
    ]
  },
  "Alyx": {
    "variants": [
      "Alyx",
      "1017 ALYX 9SM",
      "1017 Alyx",
      "アリクス",
      "アリックス"
    ],
    "subcategories": [
      "jacket",
      "coat",
      "parka",
      "vest",
      "shirt",
      "tee",
      "hoodie",
      "sweatshirt",
      "pants",
      "cargo",
      "belt",
      "buckle",
      "bag",
      "accessories",
      "chain",
      "ジャケット",
      "コート",
      "パーカー",
      "ベスト",
      "シャツ",
      "Tシャツ",
      "フーディ",
      "スウェット",
      "パンツ",
      "カーゴ",
      "ベルト",
      "バックル",
      "バッグ",
      "チェーン"
    ]
  },
  "Martine Rose": {
    "variants": [
      "Martine Rose",
      "マルティーヌローズ",
      "マルティーヌ・ローズ"
    ],
    "subcategories": [
      "jacket",
      "coat",
      "parka",
      "blazer",
      "shirt",
      "polo",
      "tee",
      "oversized",
      "pants",
      "jeans",
      "trousers",
      "wide",
      "shoes",
      "sneakers",
      "ジャケット",
      "コート",
      "パーカー",
      "ブレザー",
      "シャツ",
      "ポロ",
      "Tシャツ",
      "オーバーサイズ",
      "パンツ",
      "ジーンズ",
      "ワイド",
      "シューズ",
      "スニーカー"
    ]
  },
  "Kiko Kostadinov": {
    "variants": [
      "Kiko Kostadinov",
      "キココスタディノフ"
    ],
    "subcategories": [
      "jacket",
      "coat",
      "vest",
      "technical",
      "shirt",
      "tee",
      "pants",
      "trousers",
      "cargo",
      "technical",
      "shoes",
      "sneakers",
      "asics",
      "ジャケット",
      "コート",
      "ベスト",
      "テクニカル",
      "シャツ",
      "Tシャツ",
      "パンツ",
      "トラウザー",
      "カーゴ",
      "シューズ",
      "スニーカー",
      "アシックス"
    ]
  },
  "Prada": {
    "variants": [
      "Prada",
      "プラダ"
    ],
    "subcategories": [
      "jacket",
      "coat",
      "blazer",
      "bomber",
      "nylon",
      "shirt",
      "tee",
      "polo",
      "sweater",
      "pants",
      "trousers",
      "shoes",
      "sneakers",
      "boots",
      "loafers",
      "bag",
      "accessories",
      "ジャケット",
      "コート",
      "ブレザー",
      "ボンバー",
      "ナイロン",
      "シャツ",
      "Tシャツ",
      "ポロ",
      "セーター",
      "パンツ",
      "トラウザー",
      "シューズ",
      "スニーカー",
      "ブーツ",
      "ローファー",
      "バッグ"
    ]
  },
  "Chrome Hearts": {
    "variants": [
      "Chrome Hearts",
      "クロムハーツ"
    ],
    "subcategories": [
      "jacket",
      "leather",
      "denim",
      "shirt",
      "tee",
      "hoodie",
      "pants",
      "jeans",
      "leather",
      "ring",
      "jewelry",
      "accessories",
      "cross",
      "dagger",
      "ジャケット",
      "レザー",
      "デニム",
      "シャツ",
      "Tシャツ",
      "フーディ",
      "パンツ",
      "ジーンズ",
      "リング",
      "ジュエリー",
      "クロス",
      "ダガー"
    ]
  },
  "Bottega Veneta": {
    "variants": [
      "Bottega Veneta",
      "ボッテガヴェネタ",
      "ボッテガ・ヴェネタ"
    ],
    "subcategories": [
      "jacket",
      "coat",
      "blazer",
      "leather",
      "shirt",
      "tee",
      "sweater",
      "knit",
      "pants",
      "trousers",
      "shoes",
      "boots",
      "sneakers",
      "loafers",
      "bag",
      "intrecciato",
      "pouch",
      "ジャケット",
      "コート",
      "ブレザー",
      "レザー",
      "シャツ",
      "Tシャツ",
      "セーター",
      "ニット",
      "パンツ",
      "トラウザー",
      "シューズ",
      "ブーツ",
      "スニーカー",
      "ローファー",
      "バッグ",
      "イントレチャート",
      "ポーチ"
    ]
  },
  "Helmut Lang": {
    "variants": [
      "Helmut Lang",
      "ヘルムートラング",
      "ヘルムート・ラング"
    ],
    "subcategories": [
      "jacket",
      "coat",
      "bomber",
      "leather",
      "shirt",
      "tee",
      "tank",
      "sweater",
      "pants",
      "jeans",
      "denim",
      "astro",
      "shoes",
      "boots",
      "ジャケット",
      "コート",
      "ボンバー",
      "レザー",
      "シャツ",
      "Tシャツ",
      "タンク",
      "セーター",
      "パンツ",
      "ジーンズ",
      "デニム",
      "シューズ",
      "ブーツ"
    ]
  },
  "Hysteric Glamour": {
    "variants": [
      "Hysteric Glamour",
      "ヒステリックグラマー",
      "ヒステリック・グラマー"
    ],
    "subcategories": [
      "jacket",
      "coat",
      "denim",
      "leather",
      "t-shirt",
      "tee",
      "hoodie",
      "sweatshirt",
      "pants",
      "jeans",
      "denim",
      "shoes",
      "boots",
      "ジャケット",
      "コート",
      "デニム",
      "レザー",
      "Tシャツ",
      "フーディ",
      "スウェット",
      "パンツ",
      "ジーンズ",
      "デニム",
      "シューズ",
      "ブーツ"
    ]
  },
  "Comme des Garcons Homme Plus": {
    "variants": [
      "Comme des Garcons Homme Plus",
      "CDG Homme Plus",
      "コムデギャルソンオムプリュス",
      "オムプリュス",
      "Homme Plus"
    ],
    "subcategories": [
      "jacket",
      "coat",
      "blazer",
      "vest",
      "shirt",
      "dress shirt",
      "tee",
      "sweater",
      "pants",
      "trousers",
      "wool",
      "shoes",
      "boots",
      "ジャケット",
      "コート",
      "ブレザー",
      "ベスト",
      "シャツ",
      "ドレスシャツ",
      "Tシャツ",
      "セーター",
      "パンツ",
      "トラウザー",
      "ウール",
      "シューズ",
      "ブーツ"
    ]
  },
  "Issey Miyake": {
    "variants": [
      "Issey Miyake",
      "イッセイミヤケ",
      "イッセイ・ミヤケ",
      "Pleats Please",
      "プリーツプリーズ",
      "Homme Plisse",
      "オムプリッセ"
    ],
    "subcategories": [
      "jacket",
      "coat",
      "pleats",
      "technical",
      "shirt",
      "tee",
      "polo",
      "pleated",
      "pants",
      "trousers",
      "pleats",
      "shoes",
      "ジャケット",
      "コート",
      "プリーツ",
      "テクニカル",
      "シャツ",
      "Tシャツ",
      "ポロ",
      "パンツ",
      "トラウザー",
      "シューズ"
    ]
  },
  "Number Nine": {
    "variants": [
      "Number Nine",
      "Number (N)ine",
      "ナンバーナイン",
      "N(N)",
      "ナンバー(N)ine"
    ],
    "subcategories": [
      "jacket",
      "coat",
      "leather",
      "denim",
      "shirt",
      "tee",
      "hoodie",
      "sweater",
      "pants",
      "jeans",
      "denim",
      "shoes",
      "boots",
      "ジャケット",
      "コート",
      "レザー",
      "デニム",
      "シャツ",
      "Tシャツ",
      "フーディ",
      "セーター",
      "パンツ",
      "ジーンズ",
      "デニム",
      "シューズ",
      "ブーツ"
    ]
  },
  "Takahiromiyashita The Soloist": {
    "variants": [
      "Takahiromiyashita The Soloist",
      "The Soloist",
      "Soloist",
      "ソロイスト",
      "タカヒロミヤシタザソロイスト"
    ],
    "subcategories": [
      "jacket",
      "coat",
      "blazer",
      "cardigan",
      "shirt",
      "tee",
      "sweater",
      "pants",
      "jeans",
      "trousers",
      "shoes",
      "boots",
      "ジャケット",
      "コート",
      "ブレザー",
      "カーディガン",
      "シャツ",
      "Tシャツ",
      "セーター",
      "パンツ",
      "ジーンズ",
      "トラウザー",
      "シューズ",
      "ブーツ"
    ]
  },
  "Doublet": {
    "variants": [
      "Doublet",
      "ダブレット"
    ],
    "subcategories": [
      "jacket",
      "coat",
      "hoodie",
      "shirt",
      "tee",
      "sweatshirt",
      "pants",
      "jeans",
      "shoes",
      "sneakers",
      "ジャケット",
      "コート",
      "フーディ",
      "シャツ",
      "Tシャツ",
      "スウェット",
      "パンツ",
      "ジーンズ",
      "シューズ",
      "スニーカー"
    ]
  },
  "Sacai": {
    "variants": [
      "Sacai",
      "サカイ"
    ],
    "subcategories": [
      "jacket",
      "coat",
      "parka",
      "ma-1",
      "hybrid",
      "shirt",
      "tee",
      "hoodie",
      "sweatshirt",
      "sweater",
      "pants",
      "trousers",
      "shoes",
      "sneakers",
      "nike",
      "ジャケット",
      "コート",
      "パーカー",
      "MA-1",
      "ハイブリッド",
      "シャツ",
      "Tシャツ",
      "フーディ",
      "スウェット",
      "セーター",
      "パンツ",
      "トラウザー",
      "シューズ",
      "スニーカー",
      "ナイキ"
    ]
  },
  "Thom Browne": {
    "variants": [
      "Thom Browne",
      "トムブラウン",
      "Thom Browne New York"
    ],
    "subcategories": [
      "jacket",
      "coat",
      "blazer",
      "suit",
      "cardigan",
      "shirt",
      "dress shirt",
      "tee",
      "sweater",
      "knit",
      "pants",
      "trousers",
      "shorts",
      "shoes",
      "oxfords",
      "loafers",
      "sneakers",
      "ジャケット",
      "コート",
      "ブレザー",
      "スーツ",
      "カーディガン",
      "シャツ",
      "ドレスシャツ",
      "Tシャツ",
      "セーター",
      "ニット",
      "パンツ",
      "トラウザー",
      "ショーツ",
      "シューズ",
      "オックスフォード",
      "ローファー",
      "スニーカー"
    ]
  },
  "LGB": {
    "variants": [
      "LGB",
      "Le grand bleu",
      "ルグランブルー",
      "ル・グラン・ブルー"
    ],
    "subcategories": [
      "jacket",
      "coat",
      "blazer",
      "cardigan",
      "shirt",
      "tee",
      "sweater",
      "knit",
      "pants",
      "trousers",
      "jeans",
      "shoes",
      "boots",
      "sneakers",
      "ジャケット",
      "コート",
      "ブレザー",
      "カーディガン",
      "シャツ",
      "Tシャツ",
      "セーター",
      "ニット",
      "パンツ",
      "トラウザー",
      "ジーンズ",
      "シューズ",
      "ブーツ",
      "スニーカー"
    ]
  },
  "Dior": {
    "variants": [
      "Dior",
      "ディオール",
      "Dior Homme",
      "ディオールオム",
      "ディオール・オム",
      "Christian Dior"
    ],
    "subcategories": [
      "jacket",
      "coat",
      "blazer",
      "suit",
      "leather",
      "shirt",
      "dress shirt",
      "tee",
      "sweater",
      "knit",
      "pants",
      "trousers",
      "jeans",
      "shoes",
      "boots",
      "sneakers",
      "b23",
      "b22",
      "bag",
      "accessories",
      "ジャケット",
      "コート",
      "ブレザー",
      "スーツ",
      "レザー",
      "シャツ",
      "ドレスシャツ",
      "Tシャツ",
      "セーター",
      "ニット",
      "パンツ",
      "トラウザー",
      "ジーンズ",
      "シューズ",
      "ブーツ",
      "スニーカー",
      "B23",
      "B22",
      "バッグ"
    ]
  },
  "Hedi Slimane": {
    "variants": [
      "Hedi Slimane",
      "エディ・スリマン",
      "エディスリマン",
      "Dior Hedi Slimane",
      "Dior Homme Hedi Slimane",
      "ディオール エディ・スリマン"
    ],
    "subcategories": [
      "jacket",
      "coat",
      "blazer",
      "suit",
      "leather",
      "shirt",
      "tee",
      "t-shirt",
      "sweater",
      "knit",
      "pants",
      "trousers",
      "jeans",
      "denim",
      "shoes",
      "boots",
      "sneakers",
      "ジャケット",
      "コート",
      "ブレザー",
      "スーツ",
      "レザー",
      "シャツ",
      "Tシャツ",
      "セーター",
      "ニット",
      "パンツ",
      "ジーンズ",
      "デニム",
      "シューズ",
      "ブーツ",
      "スニーカー"
    ]
  },
  "Balmain": {
    "variants": [
      "Balmain",
      "バルマン",
      "Pierre Balmain"
    ],
    "subcategories": [
      "jacket",
      "coat",
      "blazer",
      "bomber",
      "leather",
      "shirt",
      "tee",
      "sweater",
      "knit",
      "pants",
      "trousers",
      "jeans",
      "shoes",
      "boots",
      "sneakers",
      "bag",
      "accessories",
      "ジャケット",
      "コート",
      "ブレザー",
      "ボンバー",
      "レザー",
      "シャツ",
      "Tシャツ",
      "セーター",
      "ニット",
      "パンツ",
      "トラウザー",
      "ジーンズ",
      "シューズ",
      "ブーツ",
      "スニーカー",
      "バッグ"
    ]
  },
  "14th Addiction": {
    "variants": [
      "14th Addiction",
      "フォーティーンスアディクション",
      "14th"
    ],
    "subcategories": [
      "jacket",
      "coat",
      "parka",
      "bomber",
      "shirt",
      "tee",
      "hoodie",
      "sweatshirt",
      "pants",
      "jeans",
      "cargo",
      "shoes",
      "sneakers",
      "ジャケット",
      "コート",
      "パーカー",
      "ボンバー",
      "シャツ",
      "Tシャツ",
      "フーディ",
      "スウェット",
      "パンツ",
      "ジーンズ",
      "カーゴ",
      "シューズ",
      "スニーカー"
    ]
  },
  "Dolce & Gabbana": {
    "variants": [
      "Dolce & Gabbana",
      "Dolce and Gabbana",
      "D&G",
      "ドルチェ&ガッバーナ",
      "ドルチェ・アンド・ガッバーナ",
      "ドルチェガッバーナ"
    ],
    "subcategories": [
      "jacket",
      "coat",
      "blazer",
      "suit",
      "leather",
      "shirt",
      "dress shirt",
      "tee",
      "sweater",
      "knit",
      "pants",
      "trousers",
      "jeans",
      "shoes",
      "boots",
      "sneakers",
      "loafers",
      "bag",
      "accessories",
      "ジャケット",
      "コート",
      "ブレザー",
      "スーツ",
      "レザー",
      "シャツ",
      "ドレスシャツ",
      "Tシャツ",
      "セーター",
      "ニット",
      "パンツ",
      "トラウザー",
      "ジーンズ",
      "シューズ",
      "ブーツ",
      "スニーカー",
      "ローファー",
      "バッグ"
    ]
  },
  "Saint Laurent": {
    "variants": [
      "Saint Laurent",
      "Yves Saint Laurent",
      "YSL",
      "サンローラン",
      "イヴサンローラン",
      "イブサンローラン"
    ],
    "subcategories": [
      "jacket",
      "coat",
      "blazer",
      "leather",
      "teddy",
      "shirt",
      "tee",
      "sweater",
      "knit",
      "polo",
      "pants",
      "jeans",
      "trousers",
      "denim",
      "shoes",
      "boots",
      "sneakers",
      "wyatt",
      "chelsea",
      "bag",
      "accessories",
      "ジャケット",
      "コート",
      "ブレザー",
      "レザー",
      "テディ",
      "シャツ",
      "Tシャツ",
      "セーター",
      "ニット",
      "ポロ",
      "パンツ",
      "ジーンズ",
      "トラウザー",
      "デニム",
      "シューズ",
      "ブーツ",
      "スニーカー",
      "ワイアット",
      "チェルシー",
      "バッグ"
    ]
  }
}