{
  "Hysteric Glamour": {
    "variants": [
      "Hysteric Glamour",
      "ヒステリックグラマー",
      "ヒステリック・グラマー"
    ],
    "subcategories": [
      "jacket",
      "coat",
      "denim",
      "leather",
      "t-shirt",
      "tee",
      "hoodie",
      "sweatshirt",
      "pants",
      "jeans",
      "denim",
      "shoes",
      "boots",
      "ジャケット",
      "コート",
      "デニム",
      "レザー",
      "Tシャツ",
      "フーディ",
      "スウェット",
      "パンツ",
      "ジーンズ",
      "デニム",
      "シューズ",
      "ブーツ"
    ]
  },
  "Junya Watanabe": {
    "variants": [
      "Junya Watanabe",
      "ジュンヤワタナベ"
    ],
    "subcategories": [
      "jacket",
      "coat",
      "patchwork",
      "technical",
      "nylon",
      "shirt",
      "tee",
      "parka",
      "pants",
      "jeans",
      "cargo",
      "denim",
      "shoes",
      "sneakers",
      "ジャケット",
      "コート",
      "パッチワーク",
      "テクニカル",
      "シャツ",
      "Tシャツ",
      "パーカー",
      "パンツ",
      "ジーンズ",
      "カーゴ",
      "デニム",
      "シューズ",
      "スニーカー"
    ]
  },
  "Maison Margiela": {
    "variants": [
      "Maison Margiela",
      "Margiela",
      "マルジェラ",
      "メゾンマルジェラ",
      "Martin Margiela",
      "MM6",
      "マルタンマルジェラ"
    ],
    "subcategories": [
      "jacket",
      "coat",
      "blazer",
      "cardigan",
      "shirt",
      "tee",
      "sweater",
      "knit",
      "polo",
      "pants",
      "jeans",
      "trousers",
      "shoes",
      "sneakers",
      "boots",
      "tabi",
      "replica",
      "ジャケット",
      "コート",
      "ブレザー",
      "カーディガン",
      "シャツ",
      "Tシャツ",
      "セーター",
      "ニット",
      "パンツ",
      "ジーンズ",
      "シューズ",
      "スニーカー",
      "ブーツ",
      "タビ",
      "レプリカ"
    ]
  },
  "Prada": {
    "variants": [
      "Prada",
      "プラダ"
    ],
    "subcategories": [
      "jacket",
      "coat",
      "blazer",
      "bomber",
      "nylon",
      "shirt",
      "tee",
      "polo",
      "sweater",
      "pants",
      "trousers",
      "shoes",
      "sneakers",
      "boots",
      "loafers",
      "bag",
      "accessories",
      "ジャケット",
      "コート",
      "ブレザー",
      "ボンバー",
      "ナイロン",
      "シャツ",
      "Tシャツ",
      "ポロ",
      "セーター",
      "パンツ",
      "トラウザー",
      "シューズ",
      "スニーカー",
      "ブーツ",
      "ローファー",
      "バッグ"
    ]
  },
  "Raf Simons": {
    "variants": [
      "Raf Simons",
      "ラフシモンズ",
      "Raf by Raf Simons"
    ],
    "subcategories": [
      "jacket",
      "coat",
      "parka",
      "bomber",
      "blazer",
      "shirt",
      "tee",
      "t-shirt",
      "sweater",
      "hoodie",
      "sweatshirt",
      "pants",
      "jeans",
      "trousers",
      "shorts",
      "shoes",
      "sneakers",
      "boots",
      "runners",
      "ジャケット",
      "コート",
      "パーカー",
      "ボンバー",
      "シャツ",
      "Tシャツ",
      "セーター",
      "パンツ",
      "ジーンズ",
      "シューズ",
      "スニーカー",
      "ブーツ"
    ]
  },
  "Yohji Yamamoto": {
    "variants": [
      "Yohji Yamamoto",
      "ヨウジヤマモト",
      "Y-3",
      "Y's"
    ],
    "subcategories": [
      "jacket",
      "coat",
      "blazer",
      "cardigan",
      "vest",
      "shirt",
      "tee",
      "sweater",
      "knit",
      "pants",
      "jeans",
      "trousers",
      "hakama",
      "wide",
      "shoes",
      "boots",
      "sneakers",
      "ジャケット",
      "コート",
      "ブレザー",
      "カーディガン",
      "ベスト",
      "シャツ",
      "Tシャツ",
      "セーター",
      "ニット",
      "パンツ",
      "ジーンズ",
      "ワイド",
      "袴",
      "シューズ",
      "ブーツ",
      "スニーカー"
    ]
  },
  "Issey Miyake": {
    "variants": [
      "Issey Miyake",
      "イッセイミヤケ",
      "イッセイ・ミヤケ",
      "Pleats Please",
      "プリーツプリーズ",
      "Homme Plisse",
      "オムプリッセ"
    ],
    "subcategories": [
      "jacket",
      "coat",
      "pleats",
      "technical",
      "shirt",
      "tee",
      "polo",
      "pleated",
      "pants",
      "trousers",
      "pleats",
      "shoes",
      "ジャケット",
      "コート",
      "プリーツ",
      "テクニカル",
      "シャツ",
      "Tシャツ",
      "ポロ",
      "パンツ",
      "トラウザー",
      "シューズ"
    ]
  },
  "Dolce & Gabbana": {
    "variants": [
      "Dolce & Gabbana",
      "Dolce and Gabbana",
      "D&G",
      "ドルチェ&ガッバーナ",
      "ドルチェ・アンド・ガッバーナ",
      "ドルチェガッバーナ"
    ],
    "subcategories": [
      "jacket",
      "coat",
      "blazer",
      "suit",
      "leather",
      "shirt",
      "dress shirt",
      "tee",
      "sweater",
      "knit",
      "pants",
      "trousers",
      "jeans",
      "shoes",
      "boots",
      "sneakers",
      "loafers",
      "bag",
      "accessories",
      "ジャケット",
      "コート",
      "ブレザー",
      "スーツ",
      "レザー",
      "シャツ",
      "ドレスシャツ",
      "Tシャツ",
      "セーター",
      "ニット",
      "パンツ",
      "トラウザー",
      "ジーンズ",
      "シューズ",
      "ブーツ",
      "スニーカー",
      "ローファー",
      "バッグ"
    ]
  },
  "Saint Laurent": {
    "variants": [
      "Saint Laurent",
      "Yves Saint Laurent",
      "YSL",
      "サンローラン",
      "イヴサンローラン",
      "イブサンローラン"
    ],
    "subcategories": [
      "jacket",
      "coat",
      "blazer",
      "leather",
      "teddy",
      "shirt",
      "tee",
      "sweater",
      "knit",
      "polo",
      "pants",
      "jeans",
      "trousers",
      "denim",
      "shoes",
      "boots",
      "sneakers",
      "wyatt",
      "chelsea",
      "bag",
      "accessories",
      "ジャケット",
      "コート",
      "ブレザー",
      "レザー",
      "テディ",
      "シャツ",
      "Tシャツ",
      "セーター",
      "ニット",
      "ポロ",
      "パンツ",
      "ジーンズ",
      "トラウザー",
      "デニム",
      "シューズ",
      "ブーツ",
      "スニーカー",
      "ワイアット",
      "チェルシー",
      "バッグ"
    ]
  }
}
