{
  "Issey Miyake": {
    "variants": [
      "issey miyake",
      "イッセイミヤケ",
      "イッセイ・ミヤケ",
      "pleats please",
      "プリーツプリーズ",
      "homme plisse",
      "オムプリッセ"
    ],
    "subcategories": [
      "jacket", "coat", "pleats", "technical",
      "shirt", "tee", "polo", "pleated",
      "pants", "trousers", "pleats",
      "dress", "skirt",
      "shoes",
      "ジャケット", "コート", "プリーツ", "テクニカル",
      "シャツ", "Tシャツ", "ポロ",
      "パンツ", "トラウザー",
      "ドレス", "スカート", "シューズ"
    ]
  },
  "Yohji Yamamoto": {
    "variants": [
      "yohji yamamoto",
      "ヨウジヤマモト",
      "y-3",
      "y's"
    ],
    "subcategories": [
      "jacket", "coat", "blazer", "cardigan", "vest",
      "shirt", "tee", "blouse", "sweater", "knit",
      "pants", "jeans", "trousers", "hakama", "wide",
      "dress", "skirt",
      "shoes", "boots", "sneakers",
      "ジャケット", "コート", "ブレザー", "カーディガン", "ベスト",
      "シャツ", "Tシャツ", "ブラウス", "セーター", "ニット",
      "パンツ", "ジーンズ", "ワイド", "袴",
      "ドレス", "スカート", "シューズ", "ブーツ", "スニーカー"
    ]
  },
  "Comme Des Garcons": {
    "variants": [
      "comme des garcons",
      "cdg",
      "コムデギャルソン",
      "コムデギャルソンオム"
    ],
    "subcategories": [
      "jacket", "coat", "blazer", "vest",
      "shirt", "tee", "polo", "sweater", "cardigan",
      "pants", "trousers",
      "dress", "skirt",
      "shoes", "boots", "sneakers",
      "ジャケット", "コート", "ブレザー", "ベスト",
      "シャツ", "Tシャツ", "ポロ", "セーター", "カーディガン",
      "パンツ", "トラウザー",
      "ドレス", "スカート", "シューズ", "ブーツ", "スニーカー"
    ]
  },
  "Y's": {
    "variants": [
      "y's",
      "ワイズ",
      "ys",
      "y-3 y's"
    ],
    "subcategories": [
      "jacket", "coat", "blazer", "vest",
      "shirt", "tee", "sweater", "knit",
      "pants", "trousers", "wide",
      "dress", "skirt",
      "shoes", "boots",
      "ジャケット", "コート", "ブレザー", "ベスト",
      "シャツ", "Tシャツ", "セーター", "ニット",
      "パンツ", "トラウザー", "ワイド",
      "ドレス", "スカート", "シューズ", "ブーツ"
    ]
  },
  "ann demeulemeester": {
    "variants": [
      "ann demeulemeester",
      "アンデムルメステール",
      "アン・デムルメステール"
    ],
    "subcategories": [
      "jacket", "coat", "leather", "blazer",
      "shirt", "tee", "blouse", "sweater",
      "pants", "trousers", "leather",
      "dress", "skirt",
      "shoes", "boots",
      "ジャケット", "コート", "レザー", "ブレザー",
      "シャツ", "Tシャツ", "ブラウス", "セーター",
      "パンツ", "トラウザー", "レザー",
      "ドレス", "スカート", "シューズ", "ブーツ"
    ]
  },
  "noir kei ninomiya": {
    "variants": [
      "noir kei ninomiya",
      "ノワールケイニノミヤ",
      "noir",
      "ノワール"
    ],
    "subcategories": [
      "jacket", "coat", "vest",
      "shirt", "tee", "blouse", "top",
      "pants", "skirt", "dress",
      "accessories",
      "ジャケット", "コート", "ベスト",
      "シャツ", "Tシャツ", "ブラウス", "トップス",
      "パンツ", "スカート", "ドレス",
      "アクセサリー"
    ]
  },
  "ground Y": {
    "variants": [
      "ground y",
      "グラウンドワイ",
      "groundy"
    ],
    "subcategories": [
      "jacket", "coat", "vest",
      "shirt", "tee", "sweater",
      "pants", "trousers", "wide",
      "dress", "skirt",
      "ジャケット", "コート", "ベスト",
      "シャツ", "Tシャツ", "セーター",
      "パンツ", "トラウザー", "ワイド",
      "ドレス", "スカート"
    ]
  },
  "Yoshiki Hishinuma": {
    "variants": [
      "yoshiki hishinuma",
      "ヨシキヒシヌマ",
      "ヨシキ・ヒシヌマ"
    ],
    "subcategories": [
      "jacket", "coat", "vest",
      "shirt", "tee", "top",
      "pants", "skirt", "dress",
      "ジャケット", "コート", "ベスト",
      "シャツ", "Tシャツ", "トップス",
      "パンツ", "スカート", "ドレス"
    ]
  },
  "Limi feu": {
    "variants": [
      "limi feu",
      "リミフー",
      "リミ・フー"
    ],
    "subcategories": [
      "jacket", "coat", "vest",
      "shirt", "tee", "sweater", "knit",
      "pants", "trousers", "skirt",
      "dress",
      "ジャケット", "コート", "ベスト",
      "シャツ", "Tシャツ", "セーター", "ニット",
      "パンツ", "トラウザー", "スカート",
      "ドレス"
    ]
  },
  "Vivienne Westwood": {
    "variants": [
      "vivienne westwood",
      "ヴィヴィアンウエストウッド",
      "vivienne"
    ],
    "subcategories": [
      "jacket", "coat", "blazer", "corset",
      "shirt", "tee", "blouse", "sweater",
      "pants", "trousers", "skirt", "dress",
      "shoes", "boots", "accessories", "orb",
      "ジャケット", "コート", "ブレザー", "コルセット",
      "シャツ", "Tシャツ", "ブラウス", "セーター",
      "パンツ", "トラウザー", "スカート", "ドレス",
      "シューズ", "ブーツ", "アクセサリー", "オーブ"
    ]
  }
}
