{
  "SHELLAC": {
    "variants": [
      "shellac",
      "シェラック"
    ],
    "subcategories": [
      "jacket", "coat", "leather",
      "shirt", "tee", "pants", "jeans",
      "ジャケット", "コート", "レザー",
      "シャツ", "Tシャツ", "パンツ", "ジーンズ"
    ]
  },
  "14th Addiction": {
    "variants": [
      "14th addiction",
      "フォーティーンスアディクション",
      "14th"
    ],
    "subcategories": [
      "jacket", "coat", "parka", "bomber",
      "shirt", "tee", "hoodie", "sweatshirt",
      "pants", "jeans", "cargo",
      "shoes", "sneakers",
      "ジャケット", "コート", "パーカー", "ボンバー",
      "シャツ", "Tシャツ", "フーディ", "スウェット",
      "パンツ", "ジーンズ", "カーゴ",
      "シューズ", "スニーカー"
    ]
  },
  "Yasuyuki Ishii": {
    "variants": [
      "yasuyuki ishii",
      "ヤスユキイシイ"
    ],
    "subcategories": [
      "jacket", "coat", "pants", "shirt",
      "ジャケット", "コート", "パンツ", "シャツ"
    ]
  },
  "ISAMUKATAYAMA BACKLASH": {
    "variants": [
      "isamukatayama backlash",
      "backlash",
      "イサムカタヤマバックラッシュ"
    ],
    "subcategories": [
      "jacket", "coat", "leather",
      "pants", "jeans",
      "ジャケット", "コート", "レザー",
      "パンツ", "ジーンズ"
    ]
  },
  "MIDAS": {
    "variants": [
      "midas",
      "ミダス"
    ],
    "subcategories": [
      "jacket", "coat", "leather",
      "pants", "boots",
      "ジャケット", "コート", "レザー",
      "パンツ", "ブーツ"
    ]
  },
  "TORNADO MART": {
    "variants": [
      "tornado mart",
      "トルネードマート"
    ],
    "subcategories": [
      "jacket", "coat", "blazer",
      "shirt", "tee", "pants",
      "ジャケット", "コート", "ブレザー",
      "シャツ", "Tシャツ", "パンツ"
    ]
  },
  "SCHLUSSEL": {
    "variants": [
      "schlussel",
      "シュリッセル"
    ],
    "subcategories": [
      "jacket", "coat", "pants",
      "ジャケット", "コート", "パンツ"
    ]
  },
  "JACKROSE": {
    "variants": [
      "jackrose",
      "ジャックローズ"
    ],
    "subcategories": [
      "jacket", "coat", "leather",
      "pants", "jeans",
      "ジャケット", "コート", "レザー",
      "パンツ", "ジーンズ"
    ]
  },
  "VICE FAIRY": {
    "variants": [
      "vice fairy",
      "ヴァイスフェアリー"
    ],
    "subcategories": [
      "jacket", "coat", "shirt", "pants",
      "ジャケット", "コート", "シャツ", "パンツ"
    ]
  },
  "goa": {
    "variants": [
      "goa",
      "ゴア"
    ],
    "subcategories": [
      "jacket", "coat", "vest",
      "pants", "leather",
      "ジャケット", "コート", "ベスト",
      "パンツ", "レザー"
    ]
  },
  "KMRii": {
    "variants": [
      "kmrii",
      "ケムリ"
    ],
    "subcategories": [
      "jacket", "coat", "pants",
      "shirt", "tee",
      "ジャケット", "コート", "パンツ",
      "シャツ", "Tシャツ"
    ]
  },
  "LGB": {
    "variants": [
      "le grand bleu",
      "lgb",
      "ルグランブルー"
    ],
    "subcategories": [
      "jacket", "coat", "blazer", "cardigan",
      "shirt", "tee", "sweater", "knit",
      "pants", "trousers", "jeans",
      "shoes", "boots", "sneakers",
      "ジャケット", "コート", "ブレザー", "カーディガン",
      "シャツ", "Tシャツ", "セーター", "ニット",
      "パンツ", "トラウザー", "ジーンズ",
      "シューズ", "ブーツ", "スニーカー"
    ]
  },
  "Buffalo Bobs": {
    "variants": [
      "buffalo bobs",
      "バッファローボブズ"
    ],
    "subcategories": [
      "jacket", "coat", "pants", "shirt",
      "ジャケット", "コート", "パンツ", "シャツ"
    ]
  },
  "5351 pour les hommes": {
    "variants": [
      "5351 pour les hommes",
      "5351",
      "ゴーサンゴーイチ"
    ],
    "subcategories": [
      "jacket", "coat", "pants", "shirt",
      "ジャケット", "コート", "パンツ", "シャツ"
    ]
  },
  "obelisk": {
    "variants": [
      "obelisk",
      "オベリスク"
    ],
    "subcategories": [
      "jacket", "coat", "pants", "accessories",
      "ジャケット", "コート", "パンツ", "アクセサリー"
    ]
  },
  "Mihara yasuhiro": {
    "variants": [
      "mihara yasuhiro",
      "ミハラヤスヒロ"
    ],
    "subcategories": [
      "jacket", "coat", "pants",
      "shoes", "sneakers", "boots",
      "ジャケット", "コート", "パンツ",
      "シューズ", "スニーカー", "ブーツ"
    ]
  },
  "LED RECHWE": {
    "variants": [
      "led rechwe",
      "レッドレッチ"
    ],
    "subcategories": [
      "jacket", "coat", "leather",
      "shirt", "tee", "pants",
      "ジャケット", "コート", "レザー",
      "シャツ", "Tシャツ", "パンツ"
    ]
  },
  "GLAD NEWS": {
    "variants": [
      "glad news",
      "グラッドニュース"
    ],
    "subcategories": [
      "jacket", "coat", "blazer",
      "shirt", "tee", "pants", "jeans",
      "ジャケット", "コート", "ブレザー",
      "シャツ", "Tシャツ", "パンツ", "ジーンズ"
    ]
  },
  "JOHN BULL": {
    "variants": [
      "john bull",
      "ジョンブル"
    ],
    "subcategories": [
      "jacket", "coat", "denim",
      "shirt", "pants", "jeans",
      "ジャケット", "コート", "デニム",
      "シャツ", "パンツ", "ジーンズ"
    ]
  },
  "IN THE ATTIC": {
    "variants": [
      "in the attic",
      "インジアティック"
    ],
    "subcategories": [
      "jacket", "coat", "shirt",
      "pants", "accessories",
      "ジャケット", "コート", "シャツ",
      "パンツ", "アクセサリー"
    ]
  },
  "ROEN": {
    "variants": [
      "roen",
      "ロエン"
    ],
    "subcategories": [
      "jacket", "coat", "leather", "skull",
      "shirt", "tee", "pants", "jeans",
      "shoes", "boots", "accessories",
      "ジャケット", "コート", "レザー", "スカル",
      "シャツ", "Tシャツ", "パンツ", "ジーンズ",
      "シューズ", "ブーツ", "アクセサリー"
    ]
  },
  "BLACK PEACE NOW": {
    "variants": [
      "black peace now",
      "ブラックピースナウ"
    ],
    "subcategories": [
      "jacket", "coat", "vest",
      "shirt", "tee", "pants",
      "accessories", "gothic",
      "ジャケット", "コート", "ベスト",
      "シャツ", "Tシャツ", "パンツ",
      "アクセサリー", "ゴシック"
    ]
  },
  "CUSTOM CULTURE": {
    "variants": [
      "custom culture",
      "カスタムカルチャー"
    ],
    "subcategories": [
      "jacket", "coat", "leather",
      "shirt", "pants", "jeans",
      "ジャケット", "コート", "レザー",
      "シャツ", "パンツ", "ジーンズ"
    ]
  },
  "COSTUME NATIONAL": {
    "variants": [
      "costume national",
      "コスチュームナショナル"
    ],
    "subcategories": [
      "jacket", "coat", "blazer", "leather",
      "shirt", "tee", "pants", "trousers",
      "shoes", "boots", "sneakers",
      "ジャケット", "コート", "ブレザー", "レザー",
      "シャツ", "Tシャツ", "パンツ", "トラウザー",
      "シューズ", "ブーツ", "スニーカー"
    ]
  },
  "XFRM": {
    "variants": [
      "xfrm",
      "エクスフォルム"
    ],
    "subcategories": [
      "jacket", "coat", "pants",
      "shirt", "tee",
      "ジャケット", "コート", "パンツ",
      "シャツ", "Tシャツ"
    ]
  },
  "VARENTINE": {
    "variants": [
      "varentine",
      "バレンタイン"
    ],
    "subcategories": [
      "jacket", "coat", "leather",
      "pants", "accessories",
      "ジャケット", "コート", "レザー",
      "パンツ", "アクセサリー"
    ]
  },
  "SHARE SPIRIT": {
    "variants": [
      "share spirit",
      "シェアスピリット"
    ],
    "subcategories": [
      "jacket", "coat", "vest",
      "shirt", "pants", "leather",
      "ジャケット", "コート", "ベスト",
      "シャツ", "パンツ", "レザー"
    ]
  },
  "INCARNATION": {
    "variants": [
      "incarnation",
      "インカネーション"
    ],
    "subcategories": [
      "jacket", "coat", "leather",
      "pants", "boots", "shoes",
      "ジャケット", "コート", "レザー",
      "パンツ", "ブーツ", "シューズ"
    ]
  },
  "SEMANTIC DESIGN": {
    "variants": [
      "semantic design",
      "セマンティックデザイン"
    ],
    "subcategories": [
      "jacket", "coat", "blazer",
      "shirt", "pants", "trousers",
      "ジャケット", "コート", "ブレザー",
      "シャツ", "パンツ", "トラウザー"
    ]
  },
  "KYOJI MARUYAMA": {
    "variants": [
      "kyoji maruyama",
      "丸山敬二",
      "マルヤマケイジ"
    ],
    "subcategories": [
      "jacket", "coat", "blazer",
      "shirt", "pants", "suit",
      "ジャケット", "コート", "ブレザー",
      "シャツ", "パンツ", "スーツ"
    ]
  },
  "NUMERO ZERO": {
    "variants": [
      "numero zero",
      "ヌメロゼロ"
    ],
    "subcategories": [
      "jacket", "coat", "pants",
      "shirt", "tee",
      "ジャケット", "コート", "パンツ",
      "シャツ", "Tシャツ"
    ]
  },
  "JOHN GALLIANO": {
    "variants": [
      "john galliano",
      "ジョンガリアーノ"
    ],
    "subcategories": [
      "jacket", "coat", "blazer", "trench",
      "shirt", "tee", "sweater", "knit",
      "pants", "trousers", "jeans",
      "shoes", "boots", "accessories",
      "ジャケット", "コート", "ブレザー", "トレンチ",
      "シャツ", "Tシャツ", "セーター", "ニット",
      "パンツ", "トラウザー", "ジーンズ",
      "シューズ", "ブーツ", "アクセサリー"
    ]
  }
}
